{
  "integration_timestamp": "2025-10-21T00:54:22.115264",
  "real_data_performance": {
    "accuracy": 0.835,
    "recall": 0.775
  },
  "model_comparison": {
    "synthetic": {
      "accuracy": 0.82,
      "recall": 0.7916666666666666
    },
    "real_data": {
      "accuracy": 0.835,
      "recall": 0.775
    }
  },
  "feature_importance": {
    "elevation": 0.1730041138572781,
    "ndvi": 0.33013923072287915,
    "ndwi": 0.23548017160391857,
    "nbr": 0.04616863067036327,
    "vv_vh_ratio": 0.039187768210754315,
    "total_backscatter": 0.04821983104389122,
    "green_red_ratio": 0.04326666440159487,
    "nir_swir_ratio": 0.039187129005974826,
    "brightness": 0.045346460483345674
  },
  "data_sources": {
    "synthetic": "Generated patterns",
    "real_data": "Earth Engine TFRecord exports"
  },
  "recommendation": "USE_REAL_DATA_MODEL"
}